TRID,TRName,TRStock,PnlStock,SigStock,PointValue,Slippage,Lots,CalPeriod,PRM1,PRM2,initialCapital,PauseTime,TMinPerDay
1,TR1,stockname,PnlStockName,signalStockName,,,,,,,,,
2,TR2,stockname,PnlStockName,signalStockName,,,,,,,,,
3,TR3,stockname,PnlStockName,signalStockName,,,,,,,,,
4,TR4,stockname,PnlStockName,signalStockName,,,,,,,,,
5,TR5,stockname,PnlStockName,signalStockName,,,,,,,,,
6,TR6,stockname,PnlStockName,signalStockName,,,,,,,,,
7,TR7,stockname,PnlStockName,signalStockName,,,,,,,,,
8,TR8,stockname,PnlStockName,signalStockName,,,,,,,,,
9,TR9,stockname,PnlStockName,signalStockName,,,,,,,,,
10,TR10,stockname,PnlStockName,signalStockName,,,,,,,,,
11,TR11,stockname,PnlStockName,signalStockName,,,,,,,,,
12,TR12,stockname,PnlStockName,signalStockName,,,,,,,,,
13,TR13,stockname,PnlStockName,signalStockName,,,,,,,,,
14,TR14,stockname,PnlStockName,signalStockName,,,,,,,,,
15,TR15,stockname,PnlStockName,signalStockName,,,,,,,,,
16,TR16,stockname,PnlStockName,signalStockName,,,,,,,,,
17,TR17,stockname,PnlStockName,signalStockName,,,,,,,,,
18,TR18,stockname,PnlStockName,signalStockName,,,,,,,,,
19,TR19,stockname,PnlStockName,signalStockName,,,,,,,,,
20,TR20,stockname,PnlStockName,signalStockName,,,,,,,,,
21,TR21,stockname,PnlStockName,signalStockName,,,,,,,,,
22,TR22,stockname,PnlStockName,signalStockName,,,,,,,,,
